{"cameraMode":{"drawMode":0,"name":"Shaded","section":"Shading Mode"},"sceneLighting":true,"audioPlay":false,"sceneViewState":{"m_AlwaysRefresh":false,"showFog":true,"showSkybox":true,"showFlares":true,"showImageEffects":true,"showParticleSystems":true,"showVisualEffectGraphs":true,"m_FxEnabled":true},"in2DMode":false,"pivot":{"x":2.1647255420684816,"y":-18.261959075927736,"z":31.398662567138673},"rotation":{"x":-0.3609601557254791,"y":0.007551387418061495,"z":-0.002922502811998129,"w":-0.9325466752052307},"size":25.202409744262697,"orthographic":false}