{"cameraMode":{"drawMode":0,"name":"Shaded","section":"Shading Mode"},"sceneLighting":true,"audioPlay":false,"sceneViewState":{"m_AlwaysRefresh":false,"showFog":true,"showSkybox":true,"showFlares":true,"showImageEffects":true,"showParticleSystems":true,"showVisualEffectGraphs":true,"m_FxEnabled":true},"in2DMode":false,"pivot":{"x":-1.9741182327270508,"y":1.1443023681640626,"z":132.88046264648438},"rotation":{"x":-0.2165069729089737,"y":0.0955929309129715,"z":-0.02131183072924614,"w":-0.9713451862335205},"size":11.961264610290528,"orthographic":false}